{"distinct_id":"019f424e-a298-7b99-ac8c-8702cb0f4480","event":"depthai_rvc2_device_usage","properties":{"$lib":"depthai-core","$lib_version":"3.7.1","$process_person_profile":false,"$session_id":"019f424e-74de-77f6-bd29-0c4c6a2f1341","chip_temperature":{"average":42.523929595947266,"css":44.18498611450195,"dss":41.89400100708008,"mss":41.432952880859375,"upa":42.58378601074219},"cmx_memory_usage":{"remaining":486400,"total":2621440,"used":2135040},"ddr_memory_usage":{"remaining":349019135,"total":349150207,"used":131072},"device_id":"019f424e-a17b-700e-be66-f4831dcb8ce4","leon_css_cpu_usage":{"average":0.08980005979537964,"ms_time":8000},"leon_css_memory_usage":{"remaining":56817744,"total":83613304,"used":26795560},"leon_mss_cpu_usage":{"average":0.004219949245452881,"ms_time":7000},"leon_mss_memory_usage":{"remaining":36631832,"total":39669624,"used":3037792},"source_component":"depthai-core","source_product":"depthai"},"timestamp":"2026-07-08T15:17:57.528Z","uuid":"df8d274e-1c83-47df-9ee4-ec8dce00828d"}