{"distinct_id":"019f4254-46d5-79c8-8cdc-6c7051156d92","event":"depthai_rvc2_device_usage","properties":{"$lib":"depthai-core","$lib_version":"3.7.1","$process_person_profile":false,"$session_id":"019f4254-165c-7b25-b026-0d8a78565aa7","chip_temperature":{"average":43.554290771484375,"css":45.548240661621094,"dss":42.81324005126953,"mss":42.81324005126953,"upa":43.042457580566406},"cmx_memory_usage":{"remaining":486400,"total":2621440,"used":2135040},"ddr_memory_usage":{"remaining":349019135,"total":349150207,"used":131072},"device_id":"019f4254-4680-7a77-bdf8-6ac2915a465e","leon_css_cpu_usage":{"average":0.32033997774124146,"ms_time":7000},"leon_css_memory_usage":{"remaining":56817744,"total":83613304,"used":26795560},"leon_mss_cpu_usage":{"average":0.004369974136352539,"ms_time":7000},"leon_mss_memory_usage":{"remaining":36631832,"total":39669624,"used":3037792},"source_component":"depthai-core","source_product":"depthai"},"timestamp":"2026-07-08T15:24:07.254Z","uuid":"a18b8a41-a3e3-4db0-bfac-867f3f02a114"}