{"distinct_id":"019f4252-5d17-7e4e-9edd-b84b4ed1649d","event":"depthai_rvc2_device_usage","properties":{"$lib":"depthai-core","$lib_version":"3.7.1","$process_person_profile":false,"$session_id":"019f4252-2f98-7d7d-84e5-b47b904545d7","chip_temperature":{"average":43.21200180053711,"css":44.867671966552734,"dss":42.58378601074219,"mss":42.354095458984375,"upa":43.042457580566406},"cmx_memory_usage":{"remaining":486400,"total":2621440,"used":2135040},"ddr_memory_usage":{"remaining":349019135,"total":349150207,"used":131072},"device_id":"019f4252-5c8b-7be0-9570-483c104a9058","leon_css_cpu_usage":{"average":0.16947001218795776,"ms_time":8000},"leon_css_memory_usage":{"remaining":57080040,"total":83613304,"used":26533264},"leon_mss_cpu_usage":{"average":0.004199981689453125,"ms_time":8000},"leon_mss_memory_usage":{"remaining":36631832,"total":39669624,"used":3037792},"source_component":"depthai-core","source_product":"depthai"},"timestamp":"2026-07-08T15:22:01.879Z","uuid":"1c8eb95b-32b8-4b9f-bf7f-f3437c904b2f"}