{"distinct_id":"019f4261-e81a-7bed-97b5-d06c01bf75ba","event":"depthai_rvc2_device_usage","properties":{"$lib":"depthai-core","$lib_version":"3.7.1","$process_person_profile":false,"$session_id":"019f4261-ab40-76fa-9e18-298049bad553","chip_temperature":{"average":44.01095962524414,"css":46.00078201293945,"dss":43.500179290771484,"mss":43.27143478393555,"upa":43.27143478393555},"cmx_memory_usage":{"remaining":486400,"total":2621440,"used":2135040},"ddr_memory_usage":{"remaining":349019135,"total":349150207,"used":131072},"device_id":"019f4261-e75b-7968-898b-f4d246b95f98","leon_css_cpu_usage":{"average":0.3330100178718567,"ms_time":8000},"leon_css_memory_usage":{"remaining":56817744,"total":83613304,"used":26795560},"leon_mss_cpu_usage":{"average":0.004280030727386475,"ms_time":7000},"leon_mss_memory_usage":{"remaining":36631832,"total":39669624,"used":3037792},"source_component":"depthai-core","source_product":"depthai"},"timestamp":"2026-07-08T15:39:00.507Z","uuid":"96aa2b60-9f13-466b-96b5-e334c1af1a3f"}