{"distinct_id":"019f424c-91cf-7733-9bd8-e6e98c06b4fa","event":"depthai_rvc2_device_usage","properties":{"$lib":"depthai-core","$lib_version":"3.7.1","$process_person_profile":false,"$session_id":"019f424c-5bb3-7ffe-88c3-e7ed7e7d11da","chip_temperature":{"average":41.832950592041016,"css":43.95695495605469,"dss":41.432952880859375,"mss":40.970947265625,"upa":40.970947265625},"cmx_memory_usage":{"remaining":486400,"total":2621440,"used":2135040},"ddr_memory_usage":{"remaining":349019135,"total":349150207,"used":131072},"device_id":"019f424c-917b-7fbe-90de-a188e1a98c14","leon_css_cpu_usage":{"average":0.10610997676849365,"ms_time":7000},"leon_css_memory_usage":{"remaining":57080040,"total":83613304,"used":26533264},"leon_mss_cpu_usage":{"average":0.004459977149963379,"ms_time":7000},"leon_mss_memory_usage":{"remaining":36631832,"total":39669624,"used":3037792},"source_component":"depthai-core","source_product":"depthai"},"timestamp":"2026-07-08T15:15:42.159Z","uuid":"28a7dad0-bf05-4f87-b39f-fe6c0d01ecda"}